{
  "_Metadata": {
    "Description": "ImageGlass theme configuration file",
    "Version": "9.0"
  },
  "Info": {
    "Name": "Default Dark",
    "Author": "moooichido",
    "Email": "moooichido@gmail.com",
	"WebSite": "https://github.com/moooichido/default-dark",
    "Description": "default-dark is a theme for the ImageGlass 9.0, 8.2+ application with dark color accents and Google icons",
    "Version": "9.0+"
  },
  "Settings": {
    "IsDarkMode": true,
    "NavButtonLeft": "Back.svg",
    "NavButtonRight": "Next.svg",
    "AppLogo": "",
    "PreviewImage": "Preview.jpg"
  },
  "Colors": {
    "BgColor": "#19191A",
    "TextColor": "#E1E3E6",

    "ToolbarBgColor": "#19191A",
    "ToolbarTextColor": "#E1E3E6",
    "ToolbarItemHoverColor": "#242424",
    "ToolbarItemActiveColor": "#242424",
    "ToolbarItemSelectedColor": "#242424",

    "GalleryBgColor": "#19191A",
    "GalleryTextColor": "#E1E3E6",
    "GalleryItemHoverColor": "#242424",
    "GalleryItemActiveColor": "#242424",
    "GalleryItemSelectedColor": "#242424",

    "MenuBgColor": "#19191A",
    "MenuBgHoverColor": "#242424",
    "MenuTextColor": "#E1E3E6",
    "MenuTextHoverColor": "#E1E3E6",

    "NavigationButtonColor": "#19191A"
  },
  "ToolbarIcons": {
    "ActualSize": "actualsize.svg",
    "AutoZoom": "AutoZoom.svg",
    "Bookmarks": "Bookmarks.svg",
    "Checkerboard": "Checkerboard.svg",
    "ColorPicker": "ColorPicker.svg",
    "Crop": "Crop.svg",
    "Delete": "Delete.svg",
    "Edit": "Edit.svg",
    "Exit": "Exit.svg",
    "Export": "Export.svg",
    "FlipHorz": "FlipHorz.svg",
    "FlipVert": "FlipVert.svg",
    "FullScreen": "FullScreen.svg",
    "Gallery": "Gallery.svg",
    "GoToImage": "GoToImage.svg",
    "LockZoom": "ZoomLock.svg",
    "MainMenu": "Menu.svg",
    "OpenFile": "Open.svg",
    "Pause": "Pause.svg",
    "Play": "Play.svg",
    "Print": "Print.svg",
    "Refresh": "Refresh.svg",
    "RotateLeft": "LeftRotate.svg",
    "RotateRight": "RightRotate.svg",
    "Save": "Save.svg",
    "ScaleToFill": "ScaleToFill.svg",
    "ScaleToFit": "ScaleToFit.svg",
    "ScaleToHeight": "ScaleToHeight.svg",
    "ScaleToWidth": "ScaleToWidth.svg",
    "Slideshow": "Slideshow.svg",
    "ViewFirstImage": "Next.svg",
    "ViewLastImage": "Back.svg",
    "ViewNextImage": "Next.svg",
    "ViewPreviousImage": "Back.svg",
    "WindowFit": "WindowFit.svg",
    "ZoomIn": "ZoomIn.svg",
    "ZoomOut": "ZoomOut.svg"
  }
}
